{"cameraMode":{"drawMode":0,"name":"Shaded","section":"Shading Mode"},"sceneLighting":false,"audioPlay":false,"sceneViewState":{"showFog":true,"showMaterialUpdate":false,"showSkybox":false,"showFlares":true,"showImageEffects":true,"showParticleSystems":true,"showVisualEffectGraphs":true,"m_FxEnabled":true},"in2DMode":false,"pivot":{"x":-0.2697009742259979,"y":0.13515211641788484,"z":0.1485217809677124},"rotation":{"x":-0.061371952295303348,"y":-0.0983106940984726,"z":0.006799439433962107,"w":-0.9927773475646973},"size":1.4468361139297486,"orthographic":false}