{"cameraMode":{"drawMode":0,"name":"Shaded","section":"Shading Mode"},"sceneLighting":false,"audioPlay":false,"sceneViewState":{"showFog":true,"showMaterialUpdate":false,"showSkybox":false,"showFlares":true,"showImageEffects":true,"showParticleSystems":true,"showVisualEffectGraphs":true,"m_FxEnabled":true},"in2DMode":false,"pivot":{"x":0.2521635890007019,"y":-0.32646894454956057,"z":-0.3692660331726074},"rotation":{"x":0.06536158919334412,"y":0.35061314702033999,"z":-0.024635229259729387,"w":0.9338618516921997},"size":0.6370154023170471,"orthographic":false}