{"cameraMode":{"drawMode":0,"name":"Shaded","section":"Shading Mode"},"sceneLighting":false,"audioPlay":false,"sceneViewState":{"showFog":true,"showMaterialUpdate":false,"showSkybox":false,"showFlares":true,"showImageEffects":true,"showParticleSystems":true,"showVisualEffectGraphs":true,"m_FxEnabled":true},"in2DMode":false,"pivot":{"x":0.6255071759223938,"y":-0.468193918466568,"z":1.6804085969924927},"rotation":{"x":-0.055716294795274737,"y":-0.032023780047893527,"z":0.002233883598819375,"w":-0.9975196719169617},"size":2.193453550338745,"orthographic":false}